{
  "accuracy": 0.9356321839080459,
  "precision": 0.9363839412726642,
  "recall": 0.9356321839080459,
  "f1_score": 0.9357703425319156,
  "confusion_matrix": [
    [
      58,
      0,
      0,
      0,
      0,
      0,
      0,
      0,
      0,
      0,
      0,
      0,
      1,
      0,
      0
    ],
    [
      0,
      22,
      0,
      0,
      0,
      0,
      0,
      0,
      0,
      0,
      0,
      0,
      0,
      0,
      0
    ],
    [
      0,
      0,
      100,
      0,
      2,
      3,
      1,
      0,
      0,
      0,
      0,
      0,
      0,
      0,
      0
    ],
    [
      0,
      0,
      0,
      178,
      0,
      0,
      0,
      0,
      0,
      2,
      1,
      4,
      0,
      1,
      0
    ],
    [
      0,
      0,
      0,
      0,
      60,
      5,
      1,
      0,
      0,
      0,
      5,
      0,
      0,
      1,
      0
    ],
    [
      0,
      0,
      0,
      0,
      1,
      83,
      0,
      0,
      0,
      0,
      9,
      0,
      0,
      4,
      0
    ],
    [
      0,
      0,
      0,
      0,
      0,
      0,
      88,
      0,
      0,
      1,
      0,
      0,
      0,
      1,
      0
    ],
    [
      0,
      0,
      0,
      0,
      0,
      0,
      0,
      58,
      0,
      0,
      0,
      0,
      0,
      0,
      0
    ],
    [
      1,
      0,
      0,
      0,
      0,
      0,
      0,
      0,
      35,
      0,
      0,
      0,
      0,
      0,
      0
    ],
    [
      1,
      0,
      0,
      4,
      1,
      1,
      0,
      0,
      0,
      102,
      0,
      0,
      0,
      2,
      1
    ],
    [
      0,
      0,
      0,
      0,
      1,
      8,
      0,
      0,
      0,
      0,
      161,
      0,
      0,
      4,
      0
    ],
    [
      0,
      0,
      0,
      1,
      1,
      0,
      0,
      0,
      0,
      0,
      0,
      103,
      0,
      0,
      0
    ],
    [
      2,
      0,
      0,
      0,
      0,
      0,
      0,
      0,
      0,
      0,
      0,
      0,
      37,
      0,
      0
    ],
    [
      0,
      0,
      0,
      0,
      2,
      0,
      1,
      0,
      0,
      5,
      4,
      0,
      0,
      82,
      0
    ],
    [
      1,
      0,
      0,
      0,
      0,
      0,
      0,
      0,
      0,
      0,
      0,
      0,
      0,
      0,
      54
    ]
  ],
  "classification_report": {
    "cloudy": {
      "precision": 0.9206349206349206,
      "recall": 0.9830508474576272,
      "f1-score": 0.9508196721311475,
      "support": 59.0
    },
    "cyclone": {
      "precision": 1.0,
      "recall": 1.0,
      "f1-score": 1.0,
      "support": 22.0
    },
    "dew": {
      "precision": 1.0,
      "recall": 0.9433962264150944,
      "f1-score": 0.970873786407767,
      "support": 106.0
    },
    "foggy": {
      "precision": 0.9726775956284153,
      "recall": 0.956989247311828,
      "f1-score": 0.964769647696477,
      "support": 186.0
    },
    "frost": {
      "precision": 0.8823529411764706,
      "recall": 0.8333333333333334,
      "f1-score": 0.8571428571428571,
      "support": 72.0
    },
    "glaze": {
      "precision": 0.83,
      "recall": 0.8556701030927835,
      "f1-score": 0.8426395939086294,
      "support": 97.0
    },
    "hail": {
      "precision": 0.967032967032967,
      "recall": 0.9777777777777777,
      "f1-score": 0.9723756906077348,
      "support": 90.0
    },
    "lightning": {
      "precision": 1.0,
      "recall": 1.0,
      "f1-score": 1.0,
      "support": 58.0
    },
    "rainbow": {
      "precision": 1.0,
      "recall": 0.9722222222222222,
      "f1-score": 0.9859154929577465,
      "support": 36.0
    },
    "rainy": {
      "precision": 0.9272727272727272,
      "recall": 0.9107142857142857,
      "f1-score": 0.918918918918919,
      "support": 112.0
    },
    "rime": {
      "precision": 0.8944444444444445,
      "recall": 0.9252873563218391,
      "f1-score": 0.9096045197740112,
      "support": 174.0
    },
    "sandstorm": {
      "precision": 0.9626168224299065,
      "recall": 0.9809523809523809,
      "f1-score": 0.9716981132075472,
      "support": 105.0
    },
    "shine": {
      "precision": 0.9736842105263158,
      "recall": 0.9487179487179487,
      "f1-score": 0.961038961038961,
      "support": 39.0
    },
    "snow": {
      "precision": 0.8631578947368421,
      "recall": 0.8723404255319149,
      "f1-score": 0.8677248677248677,
      "support": 94.0
    },
    "sunrise": {
      "precision": 0.9818181818181818,
      "recall": 0.9818181818181818,
      "f1-score": 0.9818181818181818,
      "support": 55.0
    },
    "accuracy": 0.9356321839080459,
    "macro avg": {
      "precision": 0.9450461803800795,
      "recall": 0.9428180224444812,
      "f1-score": 0.9436893535556563,
      "support": 1305.0
    },
    "weighted avg": {
      "precision": 0.9363839412726642,
      "recall": 0.9356321839080459,
      "f1-score": 0.9357703425319156,
      "support": 1305.0
    }
  },
  "loss": 0.23321306739415942
}