metric,value
accuracy,0.9356321839080459
precision,0.9363839412726642
recall,0.9356321839080459
f1_score,0.9357703425319156
