metric,value
accuracy,0.9900497512437811
precision,0.9905351292318894
recall,0.9900497512437811
f1_score,0.9901266783531701
