{
  "accuracy": 0.9379310344827586,
  "precision": 0.9385808395282995,
  "recall": 0.9379310344827586,
  "f1_score": 0.9378596129435852,
  "confusion_matrix": [
    [
      58,
      0,
      0,
      0,
      0,
      0,
      0,
      0,
      0,
      0,
      0,
      0,
      1,
      0,
      0
    ],
    [
      0,
      22,
      0,
      0,
      0,
      0,
      0,
      0,
      0,
      0,
      0,
      0,
      0,
      0,
      0
    ],
    [
      0,
      0,
      100,
      0,
      0,
      5,
      1,
      0,
      0,
      0,
      0,
      0,
      0,
      0,
      0
    ],
    [
      0,
      0,
      0,
      184,
      0,
      0,
      0,
      0,
      0,
      0,
      0,
      1,
      0,
      1,
      0
    ],
    [
      0,
      0,
      0,
      0,
      58,
      5,
      0,
      0,
      0,
      1,
      8,
      0,
      0,
      0,
      0
    ],
    [
      0,
      0,
      1,
      1,
      3,
      81,
      0,
      0,
      0,
      0,
      7,
      0,
      0,
      4,
      0
    ],
    [
      0,
      0,
      0,
      0,
      0,
      0,
      88,
      0,
      0,
      1,
      0,
      0,
      0,
      1,
      0
    ],
    [
      0,
      0,
      0,
      0,
      0,
      0,
      0,
      58,
      0,
      0,
      0,
      0,
      0,
      0,
      0
    ],
    [
      1,
      0,
      0,
      0,
      0,
      0,
      0,
      0,
      35,
      0,
      0,
      0,
      0,
      0,
      0
    ],
    [
      1,
      0,
      0,
      4,
      1,
      1,
      0,
      0,
      0,
      103,
      0,
      0,
      0,
      2,
      0
    ],
    [
      0,
      0,
      0,
      0,
      2,
      3,
      0,
      0,
      0,
      0,
      161,
      0,
      0,
      7,
      1
    ],
    [
      0,
      0,
      0,
      3,
      0,
      0,
      0,
      0,
      0,
      0,
      0,
      102,
      0,
      0,
      0
    ],
    [
      2,
      0,
      1,
      0,
      0,
      0,
      0,
      0,
      0,
      0,
      0,
      0,
      36,
      0,
      0
    ],
    [
      0,
      0,
      0,
      1,
      1,
      2,
      1,
      0,
      0,
      1,
      5,
      0,
      0,
      83,
      0
    ],
    [
      0,
      0,
      0,
      0,
      0,
      0,
      0,
      0,
      0,
      0,
      0,
      0,
      0,
      0,
      55
    ]
  ],
  "classification_report": {
    "cloudy": {
      "precision": 0.9354838709677419,
      "recall": 0.9830508474576272,
      "f1-score": 0.9586776859504132,
      "support": 59.0
    },
    "cyclone": {
      "precision": 1.0,
      "recall": 1.0,
      "f1-score": 1.0,
      "support": 22.0
    },
    "dew": {
      "precision": 0.9803921568627451,
      "recall": 0.9433962264150944,
      "f1-score": 0.9615384615384616,
      "support": 106.0
    },
    "foggy": {
      "precision": 0.9533678756476683,
      "recall": 0.989247311827957,
      "f1-score": 0.9709762532981531,
      "support": 186.0
    },
    "frost": {
      "precision": 0.8923076923076924,
      "recall": 0.8055555555555556,
      "f1-score": 0.8467153284671532,
      "support": 72.0
    },
    "glaze": {
      "precision": 0.8350515463917526,
      "recall": 0.8350515463917526,
      "f1-score": 0.8350515463917526,
      "support": 97.0
    },
    "hail": {
      "precision": 0.9777777777777777,
      "recall": 0.9777777777777777,
      "f1-score": 0.9777777777777777,
      "support": 90.0
    },
    "lightning": {
      "precision": 1.0,
      "recall": 1.0,
      "f1-score": 1.0,
      "support": 58.0
    },
    "rainbow": {
      "precision": 1.0,
      "recall": 0.9722222222222222,
      "f1-score": 0.9859154929577465,
      "support": 36.0
    },
    "rainy": {
      "precision": 0.9716981132075472,
      "recall": 0.9196428571428571,
      "f1-score": 0.944954128440367,
      "support": 112.0
    },
    "rime": {
      "precision": 0.8895027624309392,
      "recall": 0.9252873563218391,
      "f1-score": 0.9070422535211268,
      "support": 174.0
    },
    "sandstorm": {
      "precision": 0.9902912621359223,
      "recall": 0.9714285714285714,
      "f1-score": 0.9807692307692307,
      "support": 105.0
    },
    "shine": {
      "precision": 0.972972972972973,
      "recall": 0.9230769230769231,
      "f1-score": 0.9473684210526315,
      "support": 39.0
    },
    "snow": {
      "precision": 0.8469387755102041,
      "recall": 0.8829787234042553,
      "f1-score": 0.8645833333333334,
      "support": 94.0
    },
    "sunrise": {
      "precision": 0.9821428571428571,
      "recall": 1.0,
      "f1-score": 0.990990990990991,
      "support": 55.0
    },
    "accuracy": 0.9379310344827586,
    "macro avg": {
      "precision": 0.948528510890388,
      "recall": 0.9419143946014955,
      "f1-score": 0.9448240602992758,
      "support": 1305.0
    },
    "weighted avg": {
      "precision": 0.9385808395282995,
      "recall": 0.9379310344827586,
      "f1-score": 0.9378596129435852,
      "support": 1305.0
    }
  },
  "loss": 0.2266806697637071
}