metric,value
accuracy,0.9379310344827586
precision,0.9385808395282995
recall,0.9379310344827586
f1_score,0.9378596129435852
